<?xml version="1.0" encoding="UTF-8" standalone="yes"?>
<addon id="plugin.video.toptvshows" name="Top-TV Shows" version="0.0.2" provider-name="Dandymedia">
  <requires>
    <import addon="xbmc.python" version="2.1.0"/>
	<import addon="script.module.urlresolver"  version="3.0.0"/>
	<import addon="script.module.addon.common" />
  </requires>
  <extension point="xbmc.python.pluginsource" library="default.py">
		<provides>video</provides>
  </extension>
  <extension point="xbmc.addon.metadata">
	<summary lang="en">Everyones Favourite TV SHOWS</summary>
	<description lang="en">TV Shows HD and SD, all Openload links so will benefit from debrid but not required standalone version of same links in dandymedia</description>
	<disclaimer lang="en"></disclaimer>
	<platform>all</platform>
  </extension>
</addon>
