<?xml version="1.0" encoding="UTF-8" standalone="yes"?>
<addon id="plugin.video.filmemporium_gw" name="Film Emporium" version="1.0.2" provider-name="Dandymedia">
  <requires>
    <import addon="xbmc.python" version="2.1.0"/>
    <import addon="script.module.addon.common" />
    <import addon="script.module.requests" />
    <import addon="script.module.urlresolver" version="3.0.0"/>
  </requires>
  <extension point="xbmc.python.pluginsource" library="default.py">
    <provides>video</provides>
  </extension>
  <extension point="xbmc.addon.metadata">
    <summary lang="en">Movie and TV</summary>
    <description lang="en">One Click Movies and TV shows, all qualities cams thru to 1080HD</description>
    <disclaimer lang="en"></disclaimer>
    <platform>all</platform>
  </extension>
</addon>
