<?xml version="1.0" encoding="UTF-8" standalone="yes"?>
<addon id="plugin.video.onestop_gw" name="One Stop Films" version="1.0.0" provider-name="Dandymedia">
  <requires>
    <import addon="xbmc.python" version="2.1.0"/>
	<import addon="script.module.urlresolver"  version="3.0.0"/>
	<import addon="script.module.addon.common" />
	<import addon="script.module.requests" />
  </requires>
  <extension point="xbmc.python.pluginsource" library="default.py">
		<provides>video</provides>
  </extension>
  <extension point="xbmc.addon.metadata">
	<summary lang="en">Movies with quality links</summary>
	<description lang="en">Multiple links using Google, Openload, Thevideo.me, Rapidvideo and Usercloud hosts.[CR][CR]Openload and Thevideo.me hosts will require pairing or bypass with a Debrid account.[CR][CR][COLOR red]Usercloud links will require a debrid account.[/COLOR][CR][CR][COLOR blue]N.B. There is some foreign movies mixed in no way of filtering out.[/COLOR]</description>
	<disclaimer lang="en"></disclaimer>
	<platform>all</platform>
  </extension>
</addon>
