<?xml version="1.0" encoding="UTF-8" standalone="yes"?>
<addon id="plugin.video.storybots" name="StoryBots" version="0.0.1" provider-name="Dandymedia">
  <requires>
    <import addon="xbmc.python" version="2.1.0"/>
	<import addon="script.module.addon.common" />
  </requires>
  <extension point="xbmc.python.pluginsource" library="default.py">
		<provides>video</provides>
  </extension>
  <extension point="xbmc.addon.metadata">
	<summary lang="en">StoryBots Videos</summary>
	<description lang="en">StoryBot animated learning Videos</description>
	<disclaimer lang="en"></disclaimer>
	<platform>all</platform>
  </extension>
</addon>
