<?xml version="1.0" encoding="UTF-8" standalone="yes"?>
<addon id="plugin.video.moviezone" name="Movie ZONE" version="1.2.2" provider-name="Dandymedia">
  <requires>
    <import addon="xbmc.python" version="2.1.0"/>
	<import addon="script.module.urlresolver"  version="3.0.0"/>
	<import addon="script.module.addon.common" />
	<import addon="script.module.requests" />
  </requires>
  <extension point="xbmc.python.pluginsource" library="default.py">
		<provides>video</provides>
  </extension>
  <extension point="xbmc.addon.metadata">
	<summary lang="en">Movies and TV</summary>
	<description lang="en">NEW source - Movies and TV Shows.....Enjoy</description>
	<disclaimer lang="en"></disclaimer>
	<platform>all</platform>
  </extension>
</addon>
