<?xml version="1.0" encoding="UTF-8" standalone="yes"?>
<addon id="plugin.video.freelecture" name="Free Video Lectures" version="0.0.2" provider-name="Dandymedia">
  <requires>
    <import addon="xbmc.python" version="2.1.0"/>
	<import addon="script.module.urlresolver"  version="3.0.0"/>
	<import addon="script.module.addon.common" />
  </requires>
  <extension point="xbmc.python.pluginsource" library="default.py">
		<provides>video</provides>
  </extension>
  <extension point="xbmc.addon.metadata">
	<summary lang="en">Video lectures, video tutorials and video courses from best colleges and universities</summary>
	<description lang="en">All scraped from freevideolectures.com the YouTube addon is required</description>
	<disclaimer lang="en"></disclaimer>
	<platform>all</platform>
  </extension>
</addon>
