<?xml version="1.0" encoding="UTF-8" standalone="yes"?>
<addon id="plugin.video.turtlediary" name="TurtleDiary" version="0.0.2" provider-name="Dandymedia">
  <requires>
    <import addon="xbmc.python" version="2.1.0"/>
	<import addon="script.module.addon.common" />
  </requires>
  <extension point="xbmc.python.pluginsource" library="default.py">
		<provides>video</provides>
  </extension>
  <extension point="xbmc.addon.metadata">
	<summary lang="en">Educational Videos for Kids</summary>
	<description lang="en">A range of educational videos for kids span over a variety of math, science, and language arts subjects</description>
	<disclaimer lang="en"></disclaimer>
	<platform>all</platform>
  </extension>
</addon>
