<?xml version="1.0" encoding="UTF-8" standalone="yes"?>
<addon id="plugin.video.moviemagic" name="MovieMagic" version="1.0.2" provider-name="Dandymedia">
  <requires>
    <import addon="xbmc.python" version="2.1.0"/>
	<import addon="script.module.addon.common" />
	<import addon="script.module.requests" />
	<import addon="script.module.urlresolver"  version="3.0.0"/>
  </requires>
  <extension point="xbmc.python.pluginsource" library="default.py">
		<provides>video</provides>
  </extension>
  <extension point="xbmc.addon.metadata">
	<summary lang="en">Movies and TV Shows</summary>
	<description lang="en">A special thanks to MetalKettle for his time and help.[CR]A gentleman and a credit to our community.</description>
	<disclaimer lang="en"></disclaimer>
	<platform>all</platform>
  </extension>
</addon>
