<?xml version="1.0" encoding="UTF-8" standalone="yes"?>
<addon id="plugin.video.openloadmovies" name="Openload Movies" version="0.0.2" provider-name="Dandymedia">
  <requires>
    <import addon="xbmc.python" version="2.1.0"/>
	<import addon="script.module.urlresolver"  version="3.0.0"/>
	<import addon="script.module.addon.common" />
  </requires>
  <extension point="xbmc.python.pluginsource" library="default.py">
		<provides>video</provides>
  </extension>
  <extension point="xbmc.addon.metadata">
	<summary lang="en">Movie Links</summary>
	<description lang="en">Free Movie Links all from Openload[CR][CR]Note:[CR]If link does not play first time press play again.</description>
	<disclaimer lang="en"></disclaimer>
	<platform>all</platform>
  </extension>
</addon>
