<?xml version="1.0" encoding="UTF-8" standalone="yes"?>
<addon id="plugin.video.dandymedia" name="DandyMedia" version="2.6.8" provider-name="DandyMedia">
  <requires>
    <import addon="xbmc.python" version="2.1.0"/>
	<import addon="script.module.urlresolver"  version="3.0.0"/>
	<import addon="script.module.addon.common" />
	<import addon="script.module.requests" />
    <import addon="plugin.video.youtube" version="5.0.0"/>
  </requires>
  <extension point="xbmc.python.pluginsource" library="default.py">
		<provides>video</provides>
  </extension>
  <extension point="xbmc.addon.metadata">
    <summary lang="en">Enjoy the best of Dandymedia</summary>
    <description lang="en">[B][COLOR blue]Dandymedia Movies, TV Shows, Documentaries, Anime, Childrens TV,  Playlists and more.....Enjoy[/COLOR][/B]</description>
	<disclaimer lang="en"></disclaimer>
	<platform>all</platform>
  </extension>
</addon>
