<?xml version="1.0" encoding="UTF-8" standalone="yes"?>
<addon id="plugin.video.movieaddictz_gw" name="MovieAddictz" version="1.0.3" provider-name="Dandymedia">
  <requires>
    <import addon="xbmc.python" version="2.1.0"/>
	<import addon="script.module.urlresolver"  version="3.0.0"/>
	<import addon="script.module.addon.common" />
	<import addon="script.module.requests" />
  </requires>
  <extension point="xbmc.python.pluginsource" library="default.py">
		<provides>video</provides>
  </extension>
  <extension point="xbmc.addon.metadata">
	<summary lang="en">Movies and TV from Vumoo</summary>
	<description lang="en">One click links favouring Googlelinks, Openload back up links else which will benefit from a debrid account.</description>
	<disclaimer lang="en"></disclaimer>
	<platform>all</platform>
  </extension>
</addon>
