<?xml version="1.0" encoding="UTF-8" standalone="yes"?>
<addon id="plugin.video.ifeelmovies" name="I FeelMovies" version="0.0.2" provider-name="Dandymedia">
  <requires>
    <import addon="xbmc.python" version="2.1.0"/>
	<import addon="script.module.urlresolver"  version="3.0.0"/>
	<import addon="script.module.addon.common" />
  </requires>
  <extension point="xbmc.python.pluginsource" library="default.py">
		<provides>video</provides>
  </extension>
  <extension point="xbmc.addon.metadata">
	<summary lang="en">Movies Sourced from ifeelmovies.com</summary>
	<description lang="en">Free links mainly SD but some HD in amongst them.....Enjoy</description>
	<disclaimer lang="en"></disclaimer>
	<platform>all</platform>
  </extension>
</addon>
