<?xml version="1.0" encoding="UTF-8" standalone="yes"?>
<addon id="plugin.video.seriestop" name="SeriesTop Online" version="0.2.0" provider-name="Dandymedia">
  <requires>
    <import addon="xbmc.python" version="2.1.0"/>
	<import addon="script.module.urlresolver"  version="3.0.0"/>
	<import addon="script.module.addon.common" />
	<import addon="script.module.requests" />
  </requires>
  <extension point="xbmc.python.pluginsource" library="default.py">
		<provides>video</provides>
  </extension>
  <extension point="xbmc.addon.metadata">
	<summary lang="en">Series-Top.Online</summary>
	<description lang="en">Muliple free links for many TV shows and Soaps, A special thanks to Mucky for search function and refinements</description>
	<disclaimer lang="en"></disclaimer>
	<platform>all</platform>
  </extension>
</addon>
