<?xml version="1.0" encoding="UTF-8" standalone="yes"?>
<addon id="plugin.video.fineanddandy" name="Fine and Dandy" version="0.0.2" provider-name="Dandymedia">
  <requires>
    <import addon="xbmc.python" version="2.1.0"/>
	<import addon="script.module.urlresolver"  version="3.0.0"/>
	<import addon="script.module.addon.common" />
	<import addon="script.module.requests" />
  </requires>
  <extension point="xbmc.python.pluginsource" library="default.py">
		<provides>video</provides>
  </extension>
  <extension point="xbmc.addon.metadata">
	<summary lang="en">Multiple Debrid Links to Movies</summary>
	<description lang="en">Multiple debrid links 720/1080, 3D and 4K[CR][CR][B][COLOR red]You Will Need A Debrid Account with this addon[/COLOR][/B][CR][CR]A Special thanks to Mucky Duck for the search fuction,coding help and guidance. A Gentleman and an asset to the Kodi Community.</description>
	<disclaimer lang="en"></disclaimer>
	<platform>all</platform>
  </extension>
</addon>
