<?xml version="1.0" encoding="UTF-8" standalone="yes"?>
<addon id="plugin.video.vidmax" name="VidMax" version="0.0.2" provider-name="Dandymedia">
  <requires>
    <import addon="xbmc.python" version="2.1.0"/>
	<import addon="script.module.addon.common" />
  </requires>
  <extension point="xbmc.python.pluginsource" library="default.py">
		<provides>video</provides>
  </extension>
  <extension point="xbmc.addon.metadata">
	<summary lang="en">Constantly updating videos from Vidmax.com</summary>
	<description lang="en">Vidmax videos from around the world, politics, wtf, funny, pranks, sports and More</description>
	<disclaimer lang="en"></disclaimer>
	<platform>all</platform>
  </extension>
</addon>
