<?xml version="1.0" encoding="UTF-8" standalone="yes"?>
<addon id="plugin.video.1080pmovies_gw" name="1080p Movies" version="1.0.1" provider-name="Dandymedia">
  <requires>
    <import addon="xbmc.python" version="2.1.0"/>
	<import addon="script.module.urlresolver"  version="3.0.0"/>
	<import addon="script.module.addon.common" />
	<import addon="script.module.requests" />
  </requires>
  <extension point="xbmc.python.pluginsource" library="default.py">
		<provides>video</provides>
  </extension>
  <extension point="xbmc.addon.metadata">
	<summary lang="en">Movies</summary>
	<description lang="en">Top quality movies all in 1080p - All hosted by Openload.[CR][CR][B][COLOR blue]Pairing your device may be required.[/COLOR][/B][CR][CR]This can be done before starting the addon by visiting [B][COLOR blue]https://openload.co/pair[/COLOR][/B] from any device on the same home network and remains valid for 4 hours....enjoy.</description>
	<disclaimer lang="en"></disclaimer>
	<platform>all</platform>
  </extension>
</addon>
