<?xml version="1.0" encoding="UTF-8" standalone="yes"?>
<addon id="plugin.video.watchipmov" name="IP Movies" version="0.0.1" provider-name="Dandymedia">
  <requires>
    <import addon="xbmc.python" version="2.1.0"/>
	<import addon="script.module.urlresolver"  version="3.0.0"/>
	<import addon="script.module.addon.common" />
  </requires>
  <extension point="xbmc.python.pluginsource" library="default.py">
		<provides>video</provides>
  </extension>
  <extension point="xbmc.addon.metadata">
	<summary lang="en">Movies one click</summary>
	<description lang="en">Direct IP movies, This addon will play movie or if movie not available yet the trailer</description>
	<disclaimer lang="en"></disclaimer>
	<platform>all</platform>
  </extension>
</addon>
